﻿<?xml version="1.0" encoding="utf-8"?><meta xmlns:xsi="http://www.w3.org/2001/XMLSchema-instance" xmlns:xsd="http://www.w3.org/2001/XMLSchema"><project id="5qfBAfIjFP6" courseid="6hsyMieZi1e_course_id" thumburl="story_content/thumbnail.jpg" title="Building Construction Representation 2.1.1" datepublished="2017-08-17T22:36:08" version="1.0.0.0" flashdata="story_content/data.swf" html5data="mobile/data.json" mobiledata="mobile/data.gz" enabledownload="false" duration="About 30 seconds" totalaudio="0" totalvideo="0"><description>Building Construction Representation 2.1.1</description><keywords>Building Construction Representation 2.1.1</keywords><slidemeta moniker="slide" monikerplural="slides" viewslides="6" slidecountdescription="6 slides" /><author name="Miami Dade College" email="mdcinfo@mdc.edu" website="http://www.mdc.edu/" /><application name="Articulate Storyline" version="3.7.12674.0" xmlversion="4.0" /></project></meta>