<?xml version="1.0" encoding="utf-8"?>
<manifest identifier="_5q3se4ynNpn_course_id" version="1.0" xmlns="http://www.imsproject.org/xsd/imscp_rootv1p1p2" xmlns:adlcp="http://www.adlnet.org/xsd/adlcp_rootv1p2" xmlns:xsi="http://www.w3.org/2001/XMLSchema-instance" xsi:schemaLocation="http://www.imsproject.org/xsd/imscp_rootv1p1p2 imscp_rootv1p1p2.xsd http://www.imsglobal.org/xsd/imsmd_rootv1p2p1 imsmd_rootv1p2p1.xsd http://www.adlnet.org/xsd/adlcp_rootv1p2 adlcp_rootv1p2.xsd">
	<metadata>
		<schema>ADL SCORM</schema>
		<schemaversion>1.2</schemaversion>
		<lom xmlns="http://www.imsglobal.org/xsd/imsmd_rootv1p2p1" xmlns:xsi="http://www.w3.org/2001/XMLSchema-instance" xsi:schemaLocation="http://www.imsglobal.org/xsd/imsmd_rootv1p2p1 imsmd_rootv1p2p1.xsd">
			<general>
				<title>
					<langstring xml:lang="x-none">Drawing Analysis and Building Construction Plans Interpretation 1.2.2</langstring>
				</title>
				<description>
					<langstring xml:lang="x-none">Practice Activity for Module
Keywords: Drawing Analysis and Building Construction Plans Interpretation 1.2.2</langstring>
				</description>
				<keyword>
				  	<langstring xml:lang="x-none">Drawing Analysis and Building Construction Plans Interpretation 1.2.2</langstring>
        			</keyword>
			</general>
			<lifecycle>
				<version>
					<langstring xml:lang="x-none">1</langstring>
				</version>
				<status>
					<source>
						<langstring xml:lang="x-none">LOMv1.0</langstring>
					</source>
					<value>
						<langstring xml:lang="x-none">Final</langstring>
					</value>
				</status>
			</lifecycle>
			<metametadata>
				<metadatascheme>ADL SCORM 1.2</metadatascheme>
			</metametadata>
			<educational>
				<typicallearningtime>
					<datetime>PT0H0M0S</datetime>
				</typicallearningtime>
			</educational>
			<rights>
				<cost>
					<source>
						<langstring xml:lang="x-none">LOMv1.0</langstring>
					</source>
					<value>
						<langstring xml:lang="x-none">yes</langstring>
					</value>
				</cost>
				<copyrightandotherrestrictions>
					<source>
						<langstring xml:lang="x-none">LOMv1.0</langstring>
					</source>
					<value>
						<langstring xml:lang="x-none">yes</langstring>
					</value>
				</copyrightandotherrestrictions>
			</rights>
		</lom>
	</metadata>
	<organizations default="Drawing_Analysis_and_Building_Construction_Plans_Interpretation_1.2.2_ORG">
		<organization identifier="Drawing_Analysis_and_Building_Construction_Plans_Interpretation_1.2.2_ORG">
			<title>Drawing Analysis and Building Construction Plans Interpretation 1.2.2</title>
			<item identifier="ejemplo_4_cuadros_SCO" isvisible="true" identifierref="__5q3se4ynNpn_course_id_RES">
				<title>Drawing Analysis and Building Construction Plans Interpretation 1.2.2</title>
				<adlcp:masteryscore>80</adlcp:masteryscore>
			</item>
		</organization>
	</organizations>
	<resources>
	    <resource identifier="__5q3se4ynNpn_course_id_RES" type="webcontent" href="index_lms.html" adlcp:scormtype="sco">
		<file href="story_content/thumbnail.jpg"/>
<file href="story_content/6MYai2s879i_80_DX636_DY636.swf"/>
<file href="mobile/6MYai2s879i_80_DX636_DY636_CX318_CY300.png"/>
<file href="story_content/6bbsQPo1gf9_80_P_237_61_572_235_DX1440_DY1440.swf"/>
<file href="mobile/6bbsQPo1gf9_80_P_237_61_572_235_DX1440_DY1440_CX572_CY236.png"/>
<file href="story_content/5kQkxOfR5vb_80_DX1182_DY1182.swf"/>
<file href="mobile/5kQkxOfR5vb_80_DX1182_DY1182_CX369_CY886.png"/>
<file href="story_content/6c5twILFYTy_X_80_P_0_0_1052_1002_DX1038_DY1038.swf"/>
<file href="mobile/6c5twILFYTy_X_80_P_0_0_1052_1002_DX1038_DY1038_CX396_CY377.png"/>
<file href="story_content/694UF5krycN_80_DX1002_DY1002.swf"/>
<file href="mobile/694UF5krycN_80_DX1002_DY1002_CX468_CY607.png"/>
<file href="story_content/txt__default_5WcoHdBtnrL.swf"/>
<file href="story_content/txt__default_5ueTjK7HLJY.swf"/>
<file href="story_content/txt__default_6mCszIY4aPe.swf"/>
<file href="story_content/txt__default_6NCi3LizVPU.swf"/>
<file href="story_content/txt__default_6gISqEDRupb.swf"/>
<file href="story_content/txt__default_5l0bfZBcGp8.swf"/>
<file href="story_content/txt__default_5ouu5DXQFz4.swf"/>
<file href="story_content/txt__default_5hHx21Nd3f6.swf"/>
<file href="story_content/txt__default_6My5b9rRXF1.swf"/>
<file href="story_content/txt__default_6b67klxBDUr.swf"/>
<file href="story_content/txt__default_5j7HxrBcfat.swf"/>
<file href="story_content/txt__default_5r7m2DQuIa4.swf"/>
<file href="story_content/txt__default_5bTjMDfxs48.swf"/>
<file href="story_content/txt__default_64jDjU2BLnu.swf"/>
<file href="story_content/txt__default_5oYzu31nEcg.swf"/>
<file href="story_content/txt__default_6NhoUTZDzQw.swf"/>
<file href="story_content/txt__default_62gCRaBfWqB.swf"/>
<file href="story_content/txt__default_6DuUgMAeXBP.swf"/>
<file href="story_content/txt__default_6jSXJLS3taJ.swf"/>
<file href="story_content/txt__default_6BKxQvplXhO.swf"/>
<file href="story_content/txt__default_6PnY5XRH9k1.swf"/>
<file href="story_content/694UF5krycN_80_P_0_412_642_419_DX1002_DY1002.swf"/>
<file href="mobile/694UF5krycN_80_P_0_412_642_419_DX1002_DY1002_CX580_CY379.png"/>
<file href="story_content/txt__default_6qOrty9bSgg.swf"/>
<file href="story_content/txt__default_66XF06e6voE.swf"/>
<file href="story_content/txt__default_6lzufnWFsbg.swf"/>
<file href="story_content/txt__default_6kvQZozRDBM.swf"/>
<file href="story_content/txt__default_5rUCteHMoNO.swf"/>
<file href="story_content/txt__default_69I4P0mvanL.swf"/>
<file href="story_content/txt__default_6aiSnLTZay6.swf"/>
<file href="story_content/txt__default_64c8aKpRVbq.swf"/>
<file href="story_content/txt__default_67ch2kneqHj.swf"/>
<file href="story_content/report.html"/>
<file href="story_content/6EmZShdLiZR_80_DX1442_DY1442.jpg"/>
<file href="mobile/6EmZShdLiZR_80_DX1442_DY1442_CX814_CY612.jpg"/>
<file href="story_content/6R8LZ5mP4l7_80_P_0_0_803_1115_DX1064_DY1064.swf"/>
<file href="mobile/6R8LZ5mP4l7_80_P_0_0_803_1115_DX1064_DY1064_CX313_CY435.png"/>
<file href="story_content/6n6FlwFTINJ_80_DX1214_DY1214.swf"/>
<file href="mobile/6n6FlwFTINJ_80_DX1214_DY1214_CX336_CY910.png"/>
<file href="meta.xml"/>
<file href="story_content/FontFactory.swf"/>
<file href="story_content/fonts.swf"/>
<file href="story_content/frame.xml"/>
<file href="story_content/frame.json"/>
<file href="story_content/user.js"/>
<file href="mobile/txt__default_5WcoHdBtnrL.png"/>
<file href="mobile/txt__default_5ueTjK7HLJY.png"/>
<file href="mobile/txt__default_6mCszIY4aPe.png"/>
<file href="mobile/txt__default_6NCi3LizVPU.png"/>
<file href="mobile/txt__default_6gISqEDRupb.png"/>
<file href="mobile/txt__default_5l0bfZBcGp8.png"/>
<file href="mobile/txt__default_5ouu5DXQFz4.png"/>
<file href="mobile/txt__default_5hHx21Nd3f6.png"/>
<file href="mobile/txt__default_6My5b9rRXF1.png"/>
<file href="mobile/txt__default_6b67klxBDUr.png"/>
<file href="mobile/txt__default_5j7HxrBcfat.png"/>
<file href="mobile/txt__default_5r7m2DQuIa4.png"/>
<file href="mobile/txt__default_5bTjMDfxs48.png"/>
<file href="mobile/txt__default_64jDjU2BLnu.png"/>
<file href="mobile/txt__default_5oYzu31nEcg.png"/>
<file href="mobile/txt__default_6NhoUTZDzQw.png"/>
<file href="mobile/txt__default_62gCRaBfWqB.png"/>
<file href="mobile/txt__default_6DuUgMAeXBP.png"/>
<file href="mobile/txt__default_6jSXJLS3taJ.png"/>
<file href="mobile/txt__default_6BKxQvplXhO.png"/>
<file href="mobile/txt__default_6PnY5XRH9k1.png"/>
<file href="mobile/txt__default_6qOrty9bSgg.png"/>
<file href="mobile/txt__default_66XF06e6voE.png"/>
<file href="mobile/txt__default_6lzufnWFsbg.png"/>
<file href="mobile/txt__default_6kvQZozRDBM.png"/>
<file href="mobile/txt__default_5rUCteHMoNO.png"/>
<file href="mobile/txt__default_69I4P0mvanL.png"/>
<file href="mobile/txt__default_6aiSnLTZay6.png"/>
<file href="mobile/txt__default_64c8aKpRVbq.png"/>
<file href="mobile/txt__default_67ch2kneqHj.png"/>
<file href="story.swf"/>
<file href="story_content/frame.swf"/>
<file href="story_content/slides/5nScBbaBErK.swf"/>
<file href="story_content/slides/5Unim6G29i9.swf"/>
<file href="story_content/slides/62svIGQhNO8.swf"/>
<file href="story_content/slides/6iH4P4yQSSj.swf"/>
<file href="story_content/slides/5ruw3hAU2ee.swf"/>
<file href="story_content/data.swf"/>
<file href="html5/data/css/output.min.css"/>
<file href="html5/data/js/5nScBbaBErK.js"/>
<file href="html5/data/js/5ruw3hAU2ee.js"/>
<file href="html5/data/js/5Unim6G29i9.js"/>
<file href="html5/data/js/62svIGQhNO8.js"/>
<file href="html5/data/js/6iH4P4yQSSj.js"/>
<file href="html5/data/js/data.js"/>
<file href="html5/data/js/frame.js"/>
<file href="html5/data/js/paths.js"/>
<file href="html5/lib/scripts/app.min.js"/>
<file href="html5/lib/stylesheets/main.min.css"/>
<file href="html5/lib/stylesheets/mobile-fonts/open-sans-bold.woff"/>
<file href="html5/lib/stylesheets/mobile-fonts/open-sans-light.woff"/>
<file href="html5/lib/stylesheets/mobile-fonts/open-sans-regular.woff"/>
<file href="story.html"/>
<file href="story_flash.html"/>
<file href="story_html5.html"/>
<file href="story_content/blank.html"/>
<file href="story_content/story.js"/>
<file href="index_lms.html"/>
<file href="index_lms_html5.html"/>
<file href="index_lms_flash.html"/>
<file href="lms/AICCComm.html"/>
<file href="lms/AICCFunctions.js"/>
<file href="lms/API.js"/>
<file href="lms/APIConstants.js"/>
<file href="lms/blank.html"/>
<file href="lms/browsersniff.js"/>
<file href="lms/Configuration.js"/>
<file href="lms/goodbye.html"/>
<file href="lms/lms.js"/>
<file href="lms/LMSAPI.js"/>
<file href="lms/NONEFunctions.js"/>
<file href="lms/SCORM2004Functions.js"/>
<file href="lms/SCORMFunctions.js"/>
<file href="lms/UtilityFunctions.js"/>
	    </resource>
	</resources>
</manifest>
