﻿<?xml version="1.0" encoding="utf-8"?><meta xmlns:xsi="http://www.w3.org/2001/XMLSchema-instance" xmlns:xsd="http://www.w3.org/2001/XMLSchema"><project id="6FOfV7mviqV" courseid="5pUGzd2ED2v_course_id" thumburl="story_content/thumbnail.jpg" title="Drawing Analysis and Building Construction Plans Interpretation 1.2.1" datepublished="2017-08-17T23:01:29" version="1.0.0.0" flashdata="story_content/data.swf" html5data="mobile/data.json" mobiledata="mobile/data.gz" enabledownload="false" duration="About 25 seconds" totalaudio="0" totalvideo="0"><description>Practice Activity for Module
Keywords: Drawing Analysis and Building Construction Plans Interpretation 1.2.1</description><keywords>Drawing Analysis and Building Construction Plans Interpretation 1.2.1</keywords><slidemeta moniker="slide" monikerplural="slides" viewslides="5" slidecountdescription="5 slides" /><author name="Miami Dade College" email="mdcinfo@mdc.edu" website="http://www.mdc.edu/" /><application name="Articulate Storyline" version="3.7.12674.0" xmlversion="4.0" /></project></meta>