<?xml version="1.0" encoding="utf-8"?>
<manifest identifier="_60aSFarAOFK_course_id" version="1.0" xmlns="http://www.imsproject.org/xsd/imscp_rootv1p1p2" xmlns:adlcp="http://www.adlnet.org/xsd/adlcp_rootv1p2" xmlns:xsi="http://www.w3.org/2001/XMLSchema-instance" xsi:schemaLocation="http://www.imsproject.org/xsd/imscp_rootv1p1p2 imscp_rootv1p1p2.xsd http://www.imsglobal.org/xsd/imsmd_rootv1p2p1 imsmd_rootv1p2p1.xsd http://www.adlnet.org/xsd/adlcp_rootv1p2 adlcp_rootv1p2.xsd">
	<metadata>
		<schema>ADL SCORM</schema>
		<schemaversion>1.2</schemaversion>
		<lom xmlns="http://www.imsglobal.org/xsd/imsmd_rootv1p2p1" xmlns:xsi="http://www.w3.org/2001/XMLSchema-instance" xsi:schemaLocation="http://www.imsglobal.org/xsd/imsmd_rootv1p2p1 imsmd_rootv1p2p1.xsd">
			<general>
				<title>
					<langstring xml:lang="x-none">Building Construction Representation 2.1.3</langstring>
				</title>
				<description>
					<langstring xml:lang="x-none">Practice Activity for Module
Keywords: Building Construction Representation 2.1.3</langstring>
				</description>
				<keyword>
				  	<langstring xml:lang="x-none">Building Construction Representation 2.3.1</langstring>
        			</keyword>
			</general>
			<lifecycle>
				<version>
					<langstring xml:lang="x-none">1</langstring>
				</version>
				<status>
					<source>
						<langstring xml:lang="x-none">LOMv1.0</langstring>
					</source>
					<value>
						<langstring xml:lang="x-none">Final</langstring>
					</value>
				</status>
			</lifecycle>
			<metametadata>
				<metadatascheme>ADL SCORM 1.2</metadatascheme>
			</metametadata>
			<educational>
				<typicallearningtime>
					<datetime>PT0H0M0S</datetime>
				</typicallearningtime>
			</educational>
			<rights>
				<cost>
					<source>
						<langstring xml:lang="x-none">LOMv1.0</langstring>
					</source>
					<value>
						<langstring xml:lang="x-none">yes</langstring>
					</value>
				</cost>
				<copyrightandotherrestrictions>
					<source>
						<langstring xml:lang="x-none">LOMv1.0</langstring>
					</source>
					<value>
						<langstring xml:lang="x-none">yes</langstring>
					</value>
				</copyrightandotherrestrictions>
			</rights>
		</lom>
	</metadata>
	<organizations default="Building_Construction_Representation_2.1.3_ORG">
		<organization identifier="Building_Construction_Representation_2.1.3_ORG">
			<title>Building Construction Representation 2.1.3</title>
			<item identifier="ejemplo_4_cuadros_SCO" isvisible="true" identifierref="__60aSFarAOFK_course_id_RES">
				<title>Building Construction Representation 2.1.3</title>
				<adlcp:masteryscore>80</adlcp:masteryscore>
			</item>
		</organization>
	</organizations>
	<resources>
	    <resource identifier="__60aSFarAOFK_course_id_RES" type="webcontent" href="index_lms.html" adlcp:scormtype="sco">
		<file href="story_content/thumbnail.jpg"/>
<file href="story_content/6MYai2s879i_80_DX636_DY636.swf"/>
<file href="mobile/6MYai2s879i_80_DX636_DY636_CX318_CY300.png"/>
<file href="story_content/5mFNnUuqfqS_80_DX1130_DY1130.jpg"/>
<file href="mobile/5mFNnUuqfqS_80_DX1130_DY1130_CX846_CY333.jpg"/>
<file href="story_content/5q5sYFBnN9v_80_DX1086_DY1086.swf"/>
<file href="mobile/5q5sYFBnN9v_80_DX1086_DY1086_CX434_CY814.png"/>
<file href="story_content/5ckqbQirMeJ_80_DX888_DY888.swf"/>
<file href="mobile/5ckqbQirMeJ_80_DX888_DY888_CX286_CY444.png"/>
<file href="story_content/txt__default_6JTO4vU7ggp.swf"/>
<file href="story_content/txt__default_6jngNA6YvHG.swf"/>
<file href="story_content/txt__default_6EHgClJ0C6u.swf"/>
<file href="story_content/txt__default_6JQzGDJMiX5.swf"/>
<file href="story_content/txt__default_5nFLz2jejaZ.swf"/>
<file href="story_content/txt__default_5gMJZdzYQOu.swf"/>
<file href="story_content/txt__default_6VwLk2p0Fv5.swf"/>
<file href="story_content/txt__default_6pCZwywgIs1.swf"/>
<file href="story_content/5yvdm4TyXj6_80_P_0_0_1277_1002_DX796_DY796.swf"/>
<file href="mobile/5yvdm4TyXj6_80_P_0_0_1277_1002_DX796_DY796_CX360_CY283.png"/>
<file href="story_content/txt__default_5ap8m73KDGB.swf"/>
<file href="story_content/txt__default_6WmASKsKnFV.swf"/>
<file href="story_content/txt__default_6nL6v3Mmipp.swf"/>
<file href="story_content/txt__default_6VSf4trr5NM.swf"/>
<file href="story_content/txt__default_6ZyomTlh3T1.swf"/>
<file href="story_content/txt__default_62w2c4It3Yn.swf"/>
<file href="story_content/txt__default_5ZPLHZbKkAj.swf"/>
<file href="story_content/txt__default_66IRs8tZbff.swf"/>
<file href="story_content/txt__default_5qjDnensS7R.swf"/>
<file href="story_content/txt__default_6pUEEOmo7GL.swf"/>
<file href="story_content/txt__default_6IVnsawYW5k.swf"/>
<file href="story_content/txt__default_65BEl4OwN8k.swf"/>
<file href="story_content/txt__default_6aT4V6hJ4Q6.swf"/>
<file href="story_content/txt__default_5X9OQzPuf3P.swf"/>
<file href="story_content/txt__default_6XP6fUD1sS3.swf"/>
<file href="story_content/txt__default_5XD6cxczYbQ.swf"/>
<file href="story_content/txt__default_6QbWQXwuJL6.swf"/>
<file href="story_content/txt__default_6aSsRFs1a5g.swf"/>
<file href="story_content/txt__default_5uwncYldWgf.swf"/>
<file href="story_content/txt__default_6Mpjpmu4FgF.swf"/>
<file href="story_content/txt__default_5h76ZbtB9cX.swf"/>
<file href="story_content/txt__default_6eWeAVMavRZ.swf"/>
<file href="story_content/5ckqbQirMeJ_80_P_0_201_286_242_DX888_DY888.swf"/>
<file href="mobile/5ckqbQirMeJ_80_P_0_201_286_242_DX888_DY888_CX286_CY242.png"/>
<file href="story_content/txt__default_6aLwfFLz632.swf"/>
<file href="story_content/txt__default_5qjJHgCpxrB.swf"/>
<file href="story_content/txt__default_5h3wNtjQHGw.swf"/>
<file href="story_content/txt__default_6S1Wq4brlvD.swf"/>
<file href="story_content/txt__default_6CA0lNaLCvh.swf"/>
<file href="story_content/txt__default_6e8TQ8JJL4m.swf"/>
<file href="story_content/report.html"/>
<file href="story_content/6EmZShdLiZR_80_DX1442_DY1442.jpg"/>
<file href="mobile/6EmZShdLiZR_80_DX1442_DY1442_CX814_CY612.jpg"/>
<file href="story_content/5ZahU0VRtwn_80_P_0_0_815_1115_DX1064_DY1064.swf"/>
<file href="mobile/5ZahU0VRtwn_80_P_0_0_815_1115_DX1064_DY1064_CX318_CY435.png"/>
<file href="story_content/6brFCnaZjTK_80_P_0_0_635_1115_DX1086_DY1086.swf"/>
<file href="mobile/6brFCnaZjTK_80_P_0_0_635_1115_DX1086_DY1086_CX253_CY444.png"/>
<file href="meta.xml"/>
<file href="story_content/FontFactory.swf"/>
<file href="story_content/fonts.swf"/>
<file href="story_content/frame.xml"/>
<file href="story_content/frame.json"/>
<file href="story_content/user.js"/>
<file href="mobile/txt__default_6JTO4vU7ggp.png"/>
<file href="mobile/txt__default_6jngNA6YvHG.png"/>
<file href="mobile/txt__default_6EHgClJ0C6u.png"/>
<file href="mobile/txt__default_6JQzGDJMiX5.png"/>
<file href="mobile/txt__default_5nFLz2jejaZ.png"/>
<file href="mobile/txt__default_5gMJZdzYQOu.png"/>
<file href="mobile/txt__default_6VwLk2p0Fv5.png"/>
<file href="mobile/txt__default_6pCZwywgIs1.png"/>
<file href="mobile/txt__default_5ap8m73KDGB.png"/>
<file href="mobile/txt__default_6WmASKsKnFV.png"/>
<file href="mobile/txt__default_6nL6v3Mmipp.png"/>
<file href="mobile/txt__default_6VSf4trr5NM.png"/>
<file href="mobile/txt__default_6ZyomTlh3T1.png"/>
<file href="mobile/txt__default_62w2c4It3Yn.png"/>
<file href="mobile/txt__default_5ZPLHZbKkAj.png"/>
<file href="mobile/txt__default_66IRs8tZbff.png"/>
<file href="mobile/txt__default_5qjDnensS7R.png"/>
<file href="mobile/txt__default_6pUEEOmo7GL.png"/>
<file href="mobile/txt__default_6IVnsawYW5k.png"/>
<file href="mobile/txt__default_65BEl4OwN8k.png"/>
<file href="mobile/txt__default_6aT4V6hJ4Q6.png"/>
<file href="mobile/txt__default_5X9OQzPuf3P.png"/>
<file href="mobile/txt__default_6XP6fUD1sS3.png"/>
<file href="mobile/txt__default_5XD6cxczYbQ.png"/>
<file href="mobile/txt__default_6QbWQXwuJL6.png"/>
<file href="mobile/txt__default_6aSsRFs1a5g.png"/>
<file href="mobile/txt__default_5uwncYldWgf.png"/>
<file href="mobile/txt__default_6Mpjpmu4FgF.png"/>
<file href="mobile/txt__default_5h76ZbtB9cX.png"/>
<file href="mobile/txt__default_6eWeAVMavRZ.png"/>
<file href="mobile/txt__default_6aLwfFLz632.png"/>
<file href="mobile/txt__default_5qjJHgCpxrB.png"/>
<file href="mobile/txt__default_5h3wNtjQHGw.png"/>
<file href="mobile/txt__default_6S1Wq4brlvD.png"/>
<file href="mobile/txt__default_6CA0lNaLCvh.png"/>
<file href="mobile/txt__default_6e8TQ8JJL4m.png"/>
<file href="story.swf"/>
<file href="story_content/frame.swf"/>
<file href="story_content/slides/5nScBbaBErK.swf"/>
<file href="story_content/slides/5Unim6G29i9.swf"/>
<file href="story_content/slides/5g7G4IXcKO4.swf"/>
<file href="story_content/slides/6U8ojdghYuT.swf"/>
<file href="story_content/slides/5ruw3hAU2ee.swf"/>
<file href="story_content/data.swf"/>
<file href="html5/data/css/output.min.css"/>
<file href="html5/data/js/5g7G4IXcKO4.js"/>
<file href="html5/data/js/5nScBbaBErK.js"/>
<file href="html5/data/js/5ruw3hAU2ee.js"/>
<file href="html5/data/js/5Unim6G29i9.js"/>
<file href="html5/data/js/6U8ojdghYuT.js"/>
<file href="html5/data/js/data.js"/>
<file href="html5/data/js/frame.js"/>
<file href="html5/data/js/paths.js"/>
<file href="html5/lib/scripts/app.min.js"/>
<file href="html5/lib/stylesheets/main.min.css"/>
<file href="html5/lib/stylesheets/mobile-fonts/open-sans-bold.woff"/>
<file href="html5/lib/stylesheets/mobile-fonts/open-sans-light.woff"/>
<file href="html5/lib/stylesheets/mobile-fonts/open-sans-regular.woff"/>
<file href="story.html"/>
<file href="story_flash.html"/>
<file href="story_html5.html"/>
<file href="story_content/blank.html"/>
<file href="story_content/story.js"/>
<file href="index_lms.html"/>
<file href="index_lms_html5.html"/>
<file href="index_lms_flash.html"/>
<file href="lms/AICCComm.html"/>
<file href="lms/AICCFunctions.js"/>
<file href="lms/API.js"/>
<file href="lms/APIConstants.js"/>
<file href="lms/blank.html"/>
<file href="lms/browsersniff.js"/>
<file href="lms/Configuration.js"/>
<file href="lms/goodbye.html"/>
<file href="lms/lms.js"/>
<file href="lms/LMSAPI.js"/>
<file href="lms/NONEFunctions.js"/>
<file href="lms/SCORM2004Functions.js"/>
<file href="lms/SCORMFunctions.js"/>
<file href="lms/UtilityFunctions.js"/>
	    </resource>
	</resources>
</manifest>
